USE [master]
GO
/****** Object:  Database [Many_test]    Script Date: 2023-09-08 12:07:00 ******/
CREATE DATABASE [Many_test]
 CONTAINMENT = NONE
 ON  PRIMARY 
( NAME = N'Many_test', FILENAME = N'C:\Program Files\Microsoft SQL Server\MSSQL15.SQLEXPRESS\MSSQL\DATA\Many_test.mdf' , SIZE = 8192KB , MAXSIZE = UNLIMITED, FILEGROWTH = 65536KB )
 LOG ON 
( NAME = N'Many_test_log', FILENAME = N'C:\Program Files\Microsoft SQL Server\MSSQL15.SQLEXPRESS\MSSQL\DATA\Many_test_log.ldf' , SIZE = 8192KB , MAXSIZE = 2048GB , FILEGROWTH = 65536KB )
 WITH CATALOG_COLLATION = DATABASE_DEFAULT
GO
ALTER DATABASE [Many_test] SET COMPATIBILITY_LEVEL = 150
GO
IF (1 = FULLTEXTSERVICEPROPERTY('IsFullTextInstalled'))
begin
EXEC [Many_test].[dbo].[sp_fulltext_database] @action = 'enable'
end
GO
ALTER DATABASE [Many_test] SET ANSI_NULL_DEFAULT OFF 
GO
ALTER DATABASE [Many_test] SET ANSI_NULLS OFF 
GO
ALTER DATABASE [Many_test] SET ANSI_PADDING OFF 
GO
ALTER DATABASE [Many_test] SET ANSI_WARNINGS OFF 
GO
ALTER DATABASE [Many_test] SET ARITHABORT OFF 
GO
ALTER DATABASE [Many_test] SET AUTO_CLOSE ON 
GO
ALTER DATABASE [Many_test] SET AUTO_SHRINK OFF 
GO
ALTER DATABASE [Many_test] SET AUTO_UPDATE_STATISTICS ON 
GO
ALTER DATABASE [Many_test] SET CURSOR_CLOSE_ON_COMMIT OFF 
GO
ALTER DATABASE [Many_test] SET CURSOR_DEFAULT  GLOBAL 
GO
ALTER DATABASE [Many_test] SET CONCAT_NULL_YIELDS_NULL OFF 
GO
ALTER DATABASE [Many_test] SET NUMERIC_ROUNDABORT OFF 
GO
ALTER DATABASE [Many_test] SET QUOTED_IDENTIFIER OFF 
GO
ALTER DATABASE [Many_test] SET RECURSIVE_TRIGGERS OFF 
GO
ALTER DATABASE [Many_test] SET  ENABLE_BROKER 
GO
ALTER DATABASE [Many_test] SET AUTO_UPDATE_STATISTICS_ASYNC OFF 
GO
ALTER DATABASE [Many_test] SET DATE_CORRELATION_OPTIMIZATION OFF 
GO
ALTER DATABASE [Many_test] SET TRUSTWORTHY OFF 
GO
ALTER DATABASE [Many_test] SET ALLOW_SNAPSHOT_ISOLATION OFF 
GO
ALTER DATABASE [Many_test] SET PARAMETERIZATION SIMPLE 
GO
ALTER DATABASE [Many_test] SET READ_COMMITTED_SNAPSHOT OFF 
GO
ALTER DATABASE [Many_test] SET HONOR_BROKER_PRIORITY OFF 
GO
ALTER DATABASE [Many_test] SET RECOVERY SIMPLE 
GO
ALTER DATABASE [Many_test] SET  MULTI_USER 
GO
ALTER DATABASE [Many_test] SET PAGE_VERIFY CHECKSUM  
GO
ALTER DATABASE [Many_test] SET DB_CHAINING OFF 
GO
ALTER DATABASE [Many_test] SET FILESTREAM( NON_TRANSACTED_ACCESS = OFF ) 
GO
ALTER DATABASE [Many_test] SET TARGET_RECOVERY_TIME = 60 SECONDS 
GO
ALTER DATABASE [Many_test] SET DELAYED_DURABILITY = DISABLED 
GO
ALTER DATABASE [Many_test] SET ACCELERATED_DATABASE_RECOVERY = OFF  
GO
ALTER DATABASE [Many_test] SET QUERY_STORE = OFF
GO
USE [Many_test]
GO
/****** Object:  Table [dbo].[Author]    Script Date: 2023-09-08 12:07:00 ******/
SET ANSI_NULLS ON
GO
SET QUOTED_IDENTIFIER ON
GO
CREATE TABLE [dbo].[Author](
	[ID] [int] IDENTITY(1,1) NOT NULL,
	[Firstname] [varchar](255) NULL,
	[Lastname] [varchar](255) NULL,
PRIMARY KEY CLUSTERED 
(
	[ID] ASC
)WITH (PAD_INDEX = OFF, STATISTICS_NORECOMPUTE = OFF, IGNORE_DUP_KEY = OFF, ALLOW_ROW_LOCKS = ON, ALLOW_PAGE_LOCKS = ON, OPTIMIZE_FOR_SEQUENTIAL_KEY = OFF) ON [PRIMARY]
) ON [PRIMARY]
GO
/****** Object:  Table [dbo].[Book]    Script Date: 2023-09-08 12:07:00 ******/
SET ANSI_NULLS ON
GO
SET QUOTED_IDENTIFIER ON
GO
CREATE TABLE [dbo].[Book](
	[ID] [int] IDENTITY(1,1) NOT NULL,
	[Title] [varchar](255) NOT NULL,
	[PublishDate] [date] NULL,
PRIMARY KEY CLUSTERED 
(
	[ID] ASC
)WITH (PAD_INDEX = OFF, STATISTICS_NORECOMPUTE = OFF, IGNORE_DUP_KEY = OFF, ALLOW_ROW_LOCKS = ON, ALLOW_PAGE_LOCKS = ON, OPTIMIZE_FOR_SEQUENTIAL_KEY = OFF) ON [PRIMARY]
) ON [PRIMARY]
GO
/****** Object:  Table [dbo].[BookHasAuthor]    Script Date: 2023-09-08 12:07:00 ******/
SET ANSI_NULLS ON
GO
SET QUOTED_IDENTIFIER ON
GO
CREATE TABLE [dbo].[BookHasAuthor](
	[BookID] [int] NOT NULL,
	[AuthorID] [int] NOT NULL,
PRIMARY KEY CLUSTERED 
(
	[BookID] ASC,
	[AuthorID] ASC
)WITH (PAD_INDEX = OFF, STATISTICS_NORECOMPUTE = OFF, IGNORE_DUP_KEY = OFF, ALLOW_ROW_LOCKS = ON, ALLOW_PAGE_LOCKS = ON, OPTIMIZE_FOR_SEQUENTIAL_KEY = OFF) ON [PRIMARY]
) ON [PRIMARY]
GO
SET IDENTITY_INSERT [dbo].[Author] ON 

INSERT [dbo].[Author] ([ID], [Firstname], [Lastname]) VALUES (1, N'Hans', N'Scherfig')
INSERT [dbo].[Author] ([ID], [Firstname], [Lastname]) VALUES (2, N'Hermann', N'Hesse')
SET IDENTITY_INSERT [dbo].[Author] OFF
GO
SET IDENTITY_INSERT [dbo].[Book] ON 

INSERT [dbo].[Book] ([ID], [Title], [PublishDate]) VALUES (1, N'Det forsømte forår', CAST(N'1940-07-15' AS Date))
INSERT [dbo].[Book] ([ID], [Title], [PublishDate]) VALUES (2, N'Den forsvundne fuldmægtig', CAST(N'1938-02-10' AS Date))
INSERT [dbo].[Book] ([ID], [Title], [PublishDate]) VALUES (3, N'Den døde mand', CAST(N'1937-03-04' AS Date))
INSERT [dbo].[Book] ([ID], [Title], [PublishDate]) VALUES (4, N'Idealister', CAST(N'1945-04-01' AS Date))
INSERT [dbo].[Book] ([ID], [Title], [PublishDate]) VALUES (5, N'Gertrud', CAST(N'1910-01-01' AS Date))
INSERT [dbo].[Book] ([ID], [Title], [PublishDate]) VALUES (6, N'Der Steppenwolf', CAST(N'1927-02-27' AS Date))
INSERT [dbo].[Book] ([ID], [Title], [PublishDate]) VALUES (7, N'Siddharta', CAST(N'1922-03-18' AS Date))
SET IDENTITY_INSERT [dbo].[Book] OFF
GO
INSERT [dbo].[BookHasAuthor] ([BookID], [AuthorID]) VALUES (1, 1)
INSERT [dbo].[BookHasAuthor] ([BookID], [AuthorID]) VALUES (2, 1)
INSERT [dbo].[BookHasAuthor] ([BookID], [AuthorID]) VALUES (3, 1)
INSERT [dbo].[BookHasAuthor] ([BookID], [AuthorID]) VALUES (4, 1)
INSERT [dbo].[BookHasAuthor] ([BookID], [AuthorID]) VALUES (5, 2)
INSERT [dbo].[BookHasAuthor] ([BookID], [AuthorID]) VALUES (6, 2)
INSERT [dbo].[BookHasAuthor] ([BookID], [AuthorID]) VALUES (7, 2)
GO
ALTER TABLE [dbo].[BookHasAuthor]  WITH CHECK ADD FOREIGN KEY([AuthorID])
REFERENCES [dbo].[Author] ([ID])
GO
ALTER TABLE [dbo].[BookHasAuthor]  WITH CHECK ADD FOREIGN KEY([BookID])
REFERENCES [dbo].[Book] ([ID])
GO
USE [master]
GO
ALTER DATABASE [Many_test] SET  READ_WRITE 
GO
